0,Bayern Munich,https://www.transfermarkt.com/fc-bayern-munchen/startseite/verein/27/saison_id/2019
0,Borussia Dortmund,https://www.transfermarkt.com/borussia-dortmund/startseite/verein/16/saison_id/2019
0,RB Leipzig,https://www.transfermarkt.com/rasenballsport-leipzig/startseite/verein/23826/saison_id/2019
0,Bayer 04 Leverkusen,https://www.transfermarkt.com/bayer-04-leverkusen/startseite/verein/15/saison_id/2019
0,Borussia Mönchengladbach,https://www.transfermarkt.com/borussia-monchengladbach/startseite/verein/18/saison_id/2019
0,FC Schalke 04,https://www.transfermarkt.com/fc-schalke-04/startseite/verein/33/saison_id/2019
0,TSG 1899 Hoffenheim,https://www.transfermarkt.com/tsg-1899-hoffenheim/startseite/verein/533/saison_id/2019
0,Hertha BSC,https://www.transfermarkt.com/hertha-bsc/startseite/verein/44/saison_id/2019
0,VfL Wolfsburg,https://www.transfermarkt.com/vfl-wolfsburg/startseite/verein/82/saison_id/2019
0,Eintracht Frankfurt,https://www.transfermarkt.com/eintracht-frankfurt/startseite/verein/24/saison_id/2019
0,SV Werder Bremen,https://www.transfermarkt.com/sv-werder-bremen/startseite/verein/86/saison_id/2019
0,1.FSV Mainz 05,https://www.transfermarkt.com/1-fsv-mainz-05/startseite/verein/39/saison_id/2019
0,SC Freiburg,https://www.transfermarkt.com/sc-freiburg/startseite/verein/60/saison_id/2019
0,FC Augsburg,https://www.transfermarkt.com/fc-augsburg/startseite/verein/167/saison_id/2019
0,1. FC Köln,https://www.transfermarkt.com/1-fc-koln/startseite/verein/3/saison_id/2019
0,Fortuna Düsseldorf,https://www.transfermarkt.com/fortuna-dusseldorf/startseite/verein/38/saison_id/2019
0,1.FC Union Berlin,https://www.transfermarkt.com/1-fc-union-berlin/startseite/verein/89/saison_id/2019
0,SC Paderborn 07,https://www.transfermarkt.com/sc-paderborn-07/startseite/verein/127/saison_id/2019
0,Juventus FC,https://www.transfermarkt.com/juventus-turin/startseite/verein/506/saison_id/2019
0,SSC Napoli,https://www.transfermarkt.com/ssc-neapel/startseite/verein/6195/saison_id/2019
0,Inter Milan,https://www.transfermarkt.com/inter-mailand/startseite/verein/46/saison_id/2019
0,AS Roma,https://www.transfermarkt.com/as-rom/startseite/verein/12/saison_id/2019
0,AC Milan,https://www.transfermarkt.com/ac-mailand/startseite/verein/5/saison_id/2019
0,SS Lazio,https://www.transfermarkt.com/lazio-rom/startseite/verein/398/saison_id/2019
0,ACF Fiorentina,https://www.transfermarkt.com/ac-florenz/startseite/verein/430/saison_id/2019
0,Atalanta BC,https://www.transfermarkt.com/atalanta-bergamo/startseite/verein/800/saison_id/2019
0,Torino FC,https://www.transfermarkt.com/fc-turin/startseite/verein/416/saison_id/2019
0,Cagliari Calcio,https://www.transfermarkt.com/cagliari-calcio/startseite/verein/1390/saison_id/2019
0,US Sassuolo,https://www.transfermarkt.com/us-sassuolo/startseite/verein/6574/saison_id/2019
0,Parma Calcio 1913,https://www.transfermarkt.com/fc-parma/startseite/verein/130/saison_id/2019
0,UC Sampdoria,https://www.transfermarkt.com/uc-sampdoria/startseite/verein/1038/saison_id/2019
0,Genoa CFC,https://www.transfermarkt.com/fc-genua-1893/startseite/verein/252/saison_id/2019
0,Bologna FC 1909,https://www.transfermarkt.com/fc-bologna/startseite/verein/1025/saison_id/2019
0,Udinese Calcio,https://www.transfermarkt.com/udinese-calcio/startseite/verein/410/saison_id/2019
0,Hellas Verona,https://www.transfermarkt.com/hellas-verona/startseite/verein/276/saison_id/2019
0,Brescia Calcio,https://www.transfermarkt.com/brescia-calcio/startseite/verein/19/saison_id/2019
0,SPAL,https://www.transfermarkt.com/spal-2013/startseite/verein/2722/saison_id/2019
0,US Lecce,https://www.transfermarkt.com/us-lecce/startseite/verein/1005/saison_id/2019
0,Manchester City,https://www.transfermarkt.com/manchester-city/startseite/verein/281/saison_id/2019
0,Liverpool FC,https://www.transfermarkt.com/fc-liverpool/startseite/verein/31/saison_id/2019
0,Tottenham Hotspur,https://www.transfermarkt.com/tottenham-hotspur/startseite/verein/148/saison_id/2019
0,Chelsea FC,https://www.transfermarkt.com/fc-chelsea/startseite/verein/631/saison_id/2019
0,Manchester United,https://www.transfermarkt.com/manchester-united/startseite/verein/985/saison_id/2019
0,Arsenal FC,https://www.transfermarkt.com/fc-arsenal/startseite/verein/11/saison_id/2019
0,Leicester City,https://www.transfermarkt.com/leicester-city/startseite/verein/1003/saison_id/2019
0,Everton FC,https://www.transfermarkt.com/fc-everton/startseite/verein/29/saison_id/2019
0,West Ham United,https://www.transfermarkt.com/west-ham-united/startseite/verein/379/saison_id/2019
0,Wolverhampton Wanderers,https://www.transfermarkt.com/wolverhampton-wanderers/startseite/verein/543/saison_id/2019
0,AFC Bournemouth,https://www.transfermarkt.com/afc-bournemouth/startseite/verein/989/saison_id/2019
0,Newcastle United,https://www.transfermarkt.com/newcastle-united/startseite/verein/762/saison_id/2019
0,Aston Villa,https://www.transfermarkt.com/aston-villa/startseite/verein/405/saison_id/2019
0,Watford FC,https://www.transfermarkt.com/fc-watford/startseite/verein/1010/saison_id/2019
0,Crystal Palace,https://www.transfermarkt.com/crystal-palace/startseite/verein/873/saison_id/2019
0,Brighton & Hove Albion,https://www.transfermarkt.com/brighton-amp-hove-albion/startseite/verein/1237/saison_id/2019
0,Southampton FC,https://www.transfermarkt.com/fc-southampton/startseite/verein/180/saison_id/2019
0,Burnley FC,https://www.transfermarkt.com/fc-burnley/startseite/verein/1132/saison_id/2019
0,Norwich City,https://www.transfermarkt.com/norwich-city/startseite/verein/1123/saison_id/2019
0,Sheffield United,https://www.transfermarkt.com/sheffield-united/startseite/verein/350/saison_id/2019
0,Real Madrid,https://www.transfermarkt.com/real-madrid/startseite/verein/418/saison_id/2019
0,FC Barcelona,https://www.transfermarkt.com/fc-barcelona/startseite/verein/131/saison_id/2019
0,Atlético Madrid,https://www.transfermarkt.com/atletico-madrid/startseite/verein/13/saison_id/2019
0,Valencia CF,https://www.transfermarkt.com/fc-valencia/startseite/verein/1049/saison_id/2019
0,Real Sociedad,https://www.transfermarkt.com/real-sociedad-san-sebastian/startseite/verein/681/saison_id/2019
0,Real Betis Balompié,https://www.transfermarkt.com/real-betis-sevilla/startseite/verein/150/saison_id/2019
0,Sevilla FC,https://www.transfermarkt.com/fc-sevilla/startseite/verein/368/saison_id/2019
0,Athletic Bilbao,https://www.transfermarkt.com/athletic-bilbao/startseite/verein/621/saison_id/2019
0,Villarreal CF,https://www.transfermarkt.com/fc-villarreal/startseite/verein/1050/saison_id/2019
0,Celta de Vigo,https://www.transfermarkt.com/celta-vigo/startseite/verein/940/saison_id/2019
0,Getafe CF,https://www.transfermarkt.com/fc-getafe/startseite/verein/3709/saison_id/2019
0,RCD Espanyol Barcelona,https://www.transfermarkt.com/espanyol-barcelona/startseite/verein/714/saison_id/2019
0,Deportivo Alavés,https://www.transfermarkt.com/deportivo-alaves/startseite/verein/1108/saison_id/2019
0,Levante UD,https://www.transfermarkt.com/ud-levante/startseite/verein/3368/saison_id/2019
0,CD Leganés,https://www.transfermarkt.com/cd-leganes/startseite/verein/1244/saison_id/2019
0,Real Valladolid CF,https://www.transfermarkt.com/real-valladolid/startseite/verein/366/saison_id/2019
0,RCD Mallorca,https://www.transfermarkt.com/rcd-mallorca/startseite/verein/237/saison_id/2019
0,SD Eibar,https://www.transfermarkt.com/sd-eibar/startseite/verein/1533/saison_id/2019
0,CA Osasuna,https://www.transfermarkt.com/ca-osasuna/startseite/verein/331/saison_id/2019
0,Granada CF,https://www.transfermarkt.com/fc-granada/startseite/verein/16795/saison_id/2019
0,Paris Saint-Germain,https://www.transfermarkt.com/fc-paris-saint-germain/startseite/verein/583/saison_id/2019
0,Olympique Lyon,https://www.transfermarkt.com/olympique-lyon/startseite/verein/1041/saison_id/2019
0,AS Monaco,https://www.transfermarkt.com/as-monaco/startseite/verein/162/saison_id/2019
0,LOSC Lille,https://www.transfermarkt.com/osc-lille/startseite/verein/1082/saison_id/2019
0,Olympique Marseille,https://www.transfermarkt.com/olympique-marseille/startseite/verein/244/saison_id/2019
0,Stade Rennais FC,https://www.transfermarkt.com/fc-stade-rennes/startseite/verein/273/saison_id/2019
0,OGC Nice,https://www.transfermarkt.com/ogc-nizza/startseite/verein/417/saison_id/2019
0,FC Girondins Bordeaux,https://www.transfermarkt.com/fc-girondins-bordeaux/startseite/verein/40/saison_id/2019
0,AS Saint-Étienne,https://www.transfermarkt.com/as-saint-etienne/startseite/verein/618/saison_id/2019
0,HSC Montpellier,https://www.transfermarkt.com/hsc-montpellier/startseite/verein/969/saison_id/2019
0,FC Toulouse,https://www.transfermarkt.com/fc-toulouse/startseite/verein/415/saison_id/2019
0,FC Nantes,https://www.transfermarkt.com/fc-nantes/startseite/verein/995/saison_id/2019
0,RC Strasbourg Alsace,https://www.transfermarkt.com/racing-strassburg/startseite/verein/667/saison_id/2019
0,SCO Angers,https://www.transfermarkt.com/sco-angers/startseite/verein/1420/saison_id/2019
0,Stade Reims,https://www.transfermarkt.com/stade-reims/startseite/verein/1421/saison_id/2019
0,SC Amiens,https://www.transfermarkt.com/sc-amiens/startseite/verein/1416/saison_id/2019
0,Nîmes Olympique,https://www.transfermarkt.com/olympique-nimes/startseite/verein/1160/saison_id/2019
0,Stade Brest 29,https://www.transfermarkt.com/stade-brest-29/startseite/verein/3911/saison_id/2019
0,FC Metz,https://www.transfermarkt.com/fc-metz/startseite/verein/347/saison_id/2019
0,FCO Dijon,https://www.transfermarkt.com/fco-dijon/startseite/verein/2969/saison_id/2019
0,Ajax Amsterdam,https://www.transfermarkt.com/ajax-amsterdam/startseite/verein/610/saison_id/2019
0,PSV Eindhoven,https://www.transfermarkt.com/psv-eindhoven/startseite/verein/383/saison_id/2019
0,AZ Alkmaar,https://www.transfermarkt.com/az-alkmaar/startseite/verein/1090/saison_id/2019
0,Feyenoord Rotterdam,https://www.transfermarkt.com/feyenoord-rotterdam/startseite/verein/234/saison_id/2019
0,FC Utrecht,https://www.transfermarkt.com/fc-utrecht/startseite/verein/200/saison_id/2019
0,Vitesse Arnhem,https://www.transfermarkt.com/vitesse-arnheim/startseite/verein/499/saison_id/2019
0,SC Heerenveen,https://www.transfermarkt.com/sc-heerenveen/startseite/verein/306/saison_id/2019
0,FC Twente Enschede,https://www.transfermarkt.com/fc-twente-enschede/startseite/verein/317/saison_id/2019
0,FC Groningen,https://www.transfermarkt.com/fc-groningen/startseite/verein/202/saison_id/2019
0,Willem II Tilburg,https://www.transfermarkt.com/willem-ii-tilburg/startseite/verein/403/saison_id/2019
0,Heracles Almelo,https://www.transfermarkt.com/heracles-almelo/startseite/verein/1304/saison_id/2019
0,ADO Den Haag,https://www.transfermarkt.com/ado-den-haag/startseite/verein/1268/saison_id/2019
0,PEC Zwolle,https://www.transfermarkt.com/pec-zwolle/startseite/verein/1269/saison_id/2019
0,FC Emmen,https://www.transfermarkt.com/fc-emmen/startseite/verein/1283/saison_id/2019
0,Sparta Rotterdam,https://www.transfermarkt.com/sparta-rotterdam/startseite/verein/468/saison_id/2019
0,Fortuna Sittard,https://www.transfermarkt.com/fortuna-sittard/startseite/verein/385/saison_id/2019
0,VVV-Venlo,https://www.transfermarkt.com/vvv-venlo/startseite/verein/1426/saison_id/2019
0,RKC Waalwijk,https://www.transfermarkt.com/rkc-waalwijk/startseite/verein/235/saison_id/2019
0,SL Benfica,https://www.transfermarkt.com/benfica-lissabon/startseite/verein/294/saison_id/2019
0,FC Porto,https://www.transfermarkt.com/fc-porto/startseite/verein/720/saison_id/2019
0,Sporting CP,https://www.transfermarkt.com/sporting-lissabon/startseite/verein/336/saison_id/2019
0,SC Braga,https://www.transfermarkt.com/sc-braga/startseite/verein/1075/saison_id/2019
0,Vitória Guimarães SC,https://www.transfermarkt.com/vitoria-guimaraes-sc/startseite/verein/2420/saison_id/2019
0,FC Famalicão,https://www.transfermarkt.com/fc-famalicao/startseite/verein/3329/saison_id/2019
0,Rio Ave FC,https://www.transfermarkt.com/rio-ave-fc/startseite/verein/2425/saison_id/2019
0,Portimonense SC,https://www.transfermarkt.com/portimonense-sc/startseite/verein/7378/saison_id/2019
0,CS Marítimo,https://www.transfermarkt.com/cs-maritimo/startseite/verein/1301/saison_id/2019
0,Moreirense FC,https://www.transfermarkt.com/moreirense-fc/startseite/verein/979/saison_id/2019
0,Boavista Porto FC,https://www.transfermarkt.com/boavista-porto-fc/startseite/verein/2503/saison_id/2019
0,Vitória Setúbal FC,https://www.transfermarkt.com/vitoria-setubal-fc/startseite/verein/1085/saison_id/2019
0,CD Santa Clara,https://www.transfermarkt.com/cd-santa-clara/startseite/verein/2423/saison_id/2019
0,FC Paços de Ferreira,https://www.transfermarkt.com/fc-pacos-de-ferreira/startseite/verein/2995/saison_id/2019
0,Desportivo Aves,https://www.transfermarkt.com/desportivo-aves/startseite/verein/3336/saison_id/2019
0,Belenenses SAD,https://www.transfermarkt.com/cf-belenenses-lissabon/startseite/verein/2457/saison_id/2019
0,CD Tondela,https://www.transfermarkt.com/cd-tondela/startseite/verein/7179/saison_id/2019
0,Gil Vicente FC,https://www.transfermarkt.com/gil-vicente-fc/startseite/verein/2424/saison_id/2019
0,Red Bull Salzburg,https://www.transfermarkt.com/red-bull-salzburg/startseite/verein/409/saison_id/2019
0,Rapid Vienna,https://www.transfermarkt.com/sk-rapid-wien/startseite/verein/170/saison_id/2019
0,LASK,https://www.transfermarkt.com/lask-linz/startseite/verein/413/saison_id/2019
0,SK Sturm Graz,https://www.transfermarkt.com/sk-sturm-graz/startseite/verein/122/saison_id/2019
0,Austria Vienna,https://www.transfermarkt.com/fk-austria-wien/startseite/verein/14/saison_id/2019
0,Wolfsberger AC,https://www.transfermarkt.com/wolfsberger-ac/startseite/verein/4441/saison_id/2019
0,FC Admira Wacker Mödling,https://www.transfermarkt.com/fc-admira-wacker-modling/startseite/verein/503/saison_id/2019
0,SKN St. Pölten,https://www.transfermarkt.com/skn-st-polten/startseite/verein/2662/saison_id/2019
0,SC Rheindorf Altach,https://www.transfermarkt.com/sc-rheindorf-altach/startseite/verein/3551/saison_id/2019
0,TSV Hartberg,https://www.transfermarkt.com/tsv-hartberg/startseite/verein/4467/saison_id/2019
0,SV Mattersburg,https://www.transfermarkt.com/sv-mattersburg/startseite/verein/856/saison_id/2019
0,WSG Tirol,https://www.transfermarkt.com/wsg-wattens/startseite/verein/2446/saison_id/2019
0,Club Brugge KV,https://www.transfermarkt.com/fc-brugge/startseite/verein/2282/saison_id/2019
0,RSC Anderlecht,https://www.transfermarkt.com/rsc-anderlecht/startseite/verein/58/saison_id/2019
0,KAA Gent,https://www.transfermarkt.com/kaa-gent/startseite/verein/157/saison_id/2019
0,KRC Genk,https://www.transfermarkt.com/krc-genk/startseite/verein/1184/saison_id/2019
0,Standard Liège,https://www.transfermarkt.com/standard-luttich/startseite/verein/3057/saison_id/2019
0,Royal Antwerp FC,https://www.transfermarkt.com/royal-fc-antwerpen/startseite/verein/1096/saison_id/2019
0,SV Zulte Waregem,https://www.transfermarkt.com/sv-zulte-waregem/startseite/verein/3508/saison_id/2019
0,RSC Charleroi,https://www.transfermarkt.com/rsc-charleroi/startseite/verein/172/saison_id/2019
0,Cercle Brugge,https://www.transfermarkt.com/cercle-brugge/startseite/verein/520/saison_id/2019
0,Royal Excel Mouscron,https://www.transfermarkt.com/mouscron-peruwelz/startseite/verein/29228/saison_id/2019
0,KV Oostende,https://www.transfermarkt.com/kv-oostende/startseite/verein/2861/saison_id/2019
0,Sint-Truidense VV,https://www.transfermarkt.com/vv-st-truiden/startseite/verein/475/saison_id/2019
0,KV Mechelen,https://www.transfermarkt.com/kv-mechelen/startseite/verein/354/saison_id/2019
0,KAS Eupen,https://www.transfermarkt.com/kas-eupen/startseite/verein/1245/saison_id/2019
0,KV Kortrijk,https://www.transfermarkt.com/kv-kortrijk/startseite/verein/601/saison_id/2019
0,Waasland-Beveren,https://www.transfermarkt.com/waasland-beveren/startseite/verein/28643/saison_id/2019
0,FC Copenhagen,https://www.transfermarkt.com/fc-kopenhagen/startseite/verein/190/saison_id/2019
0,FC Midtjylland,https://www.transfermarkt.com/fc-midtjylland/startseite/verein/865/saison_id/2019
0,FC Nordsjaelland,https://www.transfermarkt.com/fc-nordsjaelland/startseite/verein/2778/saison_id/2019
0,Bröndby IF,https://www.transfermarkt.com/brondby-if/startseite/verein/206/saison_id/2019
0,Aarhus GF,https://www.transfermarkt.com/aarhus-gf/startseite/verein/678/saison_id/2019
0,Esbjerg fB,https://www.transfermarkt.com/esbjerg-fb/startseite/verein/3426/saison_id/2019
0,Aalborg BK,https://www.transfermarkt.com/aalborg-bk/startseite/verein/1053/saison_id/2019
0,Odense Boldklub,https://www.transfermarkt.com/odense-boldklub/startseite/verein/173/saison_id/2019
0,SönderjyskE,https://www.transfermarkt.com/sonderjyske/startseite/verein/5817/saison_id/2019
0,Randers FC,https://www.transfermarkt.com/randers-fc/startseite/verein/5724/saison_id/2019
0,Silkeborg IF,https://www.transfermarkt.com/silkeborg-if/startseite/verein/1177/saison_id/2019
0,Hobro IK,https://www.transfermarkt.com/hobro-ik/startseite/verein/5818/saison_id/2019
0,AC Horsens,https://www.transfermarkt.com/ac-horsens/startseite/verein/2414/saison_id/2019
0,Lyngby BK,https://www.transfermarkt.com/lyngby-bk/startseite/verein/369/saison_id/2019
0,Fulham FC,https://www.transfermarkt.com/fc-fulham/startseite/verein/931/saison_id/2019
0,West Bromwich Albion,https://www.transfermarkt.com/west-bromwich-albion/startseite/verein/984/saison_id/2019
0,Leeds United,https://www.transfermarkt.com/leeds-united/startseite/verein/399/saison_id/2019
0,Bristol City,https://www.transfermarkt.com/bristol-city/startseite/verein/698/saison_id/2019
0,Brentford FC,https://www.transfermarkt.com/fc-brentford/startseite/verein/1148/saison_id/2019
0,Middlesbrough FC,https://www.transfermarkt.com/fc-middlesbrough/startseite/verein/641/saison_id/2019
0,Nottingham Forest,https://www.transfermarkt.com/nottingham-forest/startseite/verein/703/saison_id/2019
0,Stoke City,https://www.transfermarkt.com/stoke-city/startseite/verein/512/saison_id/2019
0,Huddersfield Town,https://www.transfermarkt.com/huddersfield-town/startseite/verein/1110/saison_id/2019
0,Cardiff City,https://www.transfermarkt.com/cardiff-city/startseite/verein/603/saison_id/2019
0,Swansea City,https://www.transfermarkt.com/swansea-city/startseite/verein/2288/saison_id/2019
0,Birmingham City,https://www.transfermarkt.com/birmingham-city/startseite/verein/337/saison_id/2019
0,Derby County,https://www.transfermarkt.com/derby-county/startseite/verein/22/saison_id/2019
0,Reading FC,https://www.transfermarkt.com/fc-reading/startseite/verein/1032/saison_id/2019
0,Sheffield Wednesday,https://www.transfermarkt.com/sheffield-wednesday/startseite/verein/1035/saison_id/2019
0,Queens Park Rangers,https://www.transfermarkt.com/queens-park-rangers/startseite/verein/1039/saison_id/2019
0,Blackburn Rovers,https://www.transfermarkt.com/blackburn-rovers/startseite/verein/164/saison_id/2019
0,Preston North End,https://www.transfermarkt.com/preston-north-end/startseite/verein/466/saison_id/2019
0,Hull City,https://www.transfermarkt.com/hull-city/startseite/verein/3008/saison_id/2019
0,Wigan Athletic,https://www.transfermarkt.com/wigan-athletic/startseite/verein/1071/saison_id/2019
0,Millwall FC,https://www.transfermarkt.com/fc-millwall/startseite/verein/1028/saison_id/2019
0,Luton Town,https://www.transfermarkt.com/luton-town/startseite/verein/1031/saison_id/2019
0,Charlton Athletic,https://www.transfermarkt.com/charlton-athletic/startseite/verein/358/saison_id/2019
0,Barnsley FC,https://www.transfermarkt.com/fc-barnsley/startseite/verein/349/saison_id/2019
0,Sunderland AFC,https://www.transfermarkt.com/afc-sunderland/startseite/verein/289/saison_id/2019
0,Ipswich Town,https://www.transfermarkt.com/ipswich-town/startseite/verein/677/saison_id/2019
0,Oxford United,https://www.transfermarkt.com/oxford-united/startseite/verein/988/saison_id/2019
0,Blackpool FC,https://www.transfermarkt.com/fc-blackpool/startseite/verein/1181/saison_id/2019
0,Fleetwood Town,https://www.transfermarkt.com/fleetwood-town/startseite/verein/11177/saison_id/2019
0,Shrewsbury Town,https://www.transfermarkt.com/shrewsbury-town/startseite/verein/3054/saison_id/2019
0,Bolton Wanderers,https://www.transfermarkt.com/bolton-wanderers/startseite/verein/355/saison_id/2019
0,Rotherham United,https://www.transfermarkt.com/rotherham-united/startseite/verein/1194/saison_id/2019
0,Milton Keynes Dons,https://www.transfermarkt.com/milton-keynes-dons/startseite/verein/991/saison_id/2019
0,Portsmouth FC,https://www.transfermarkt.com/fc-portsmouth/startseite/verein/1020/saison_id/2019
0,Burton Albion,https://www.transfermarkt.com/burton-albion/startseite/verein/2963/saison_id/2019
0,Lincoln City,https://www.transfermarkt.com/lincoln-city/startseite/verein/1198/saison_id/2019
0,Bristol Rovers,https://www.transfermarkt.com/bristol-rovers/startseite/verein/2455/saison_id/2019
0,Coventry City,https://www.transfermarkt.com/coventry-city/startseite/verein/990/saison_id/2019
0,Peterborough United,https://www.transfermarkt.com/peterborough-united/startseite/verein/1072/saison_id/2019
0,Rochdale AFC,https://www.transfermarkt.com/afc-rochdale/startseite/verein/1088/saison_id/2019
0,Wycombe Wanderers,https://www.transfermarkt.com/wycombe-wanderers/startseite/verein/2805/saison_id/2019
0,Southend United,https://www.transfermarkt.com/southend-united/startseite/verein/2793/saison_id/2019
0,Gillingham FC,https://www.transfermarkt.com/fc-gillingham/startseite/verein/2814/saison_id/2019
0,Tranmere Rovers,https://www.transfermarkt.com/tranmere-rovers/startseite/verein/1074/saison_id/2019
0,Doncaster Rovers,https://www.transfermarkt.com/doncaster-rovers/startseite/verein/2454/saison_id/2019
0,Accrington Stanley,https://www.transfermarkt.com/accrington-stanley/startseite/verein/3688/saison_id/2019
0,AFC Wimbledon,https://www.transfermarkt.com/afc-wimbledon/startseite/verein/3884/saison_id/2019
0,Salford City,https://www.transfermarkt.com/salford-city/startseite/verein/34888/saison_id/2019
0,Swindon Town,https://www.transfermarkt.com/swindon-town/startseite/verein/352/saison_id/2019
0,Leyton Orient,https://www.transfermarkt.com/leyton-orient/startseite/verein/1150/saison_id/2019
0,Bradford City,https://www.transfermarkt.com/bradford-city/startseite/verein/1027/saison_id/2019
0,Oldham Athletic,https://www.transfermarkt.com/oldham-athletic/startseite/verein/1078/saison_id/2019
0,Scunthorpe United,https://www.transfermarkt.com/scunthorpe-united/startseite/verein/2964/saison_id/2019
0,Exeter City,https://www.transfermarkt.com/exeter-city/startseite/verein/6699/saison_id/2019
0,Forest Green Rovers,https://www.transfermarkt.com/forest-green-rovers/startseite/verein/3455/saison_id/2019
0,Northampton Town,https://www.transfermarkt.com/northampton-town/startseite/verein/1302/saison_id/2019
0,Stevenage FC,https://www.transfermarkt.com/fc-stevenage/startseite/verein/3684/saison_id/2019
0,Colchester United,https://www.transfermarkt.com/colchester-united/startseite/verein/1060/saison_id/2019
0,Plymouth Argyle,https://www.transfermarkt.com/plymouth-argyle/startseite/verein/2262/saison_id/2019
0,Morecambe FC,https://www.transfermarkt.com/fc-morecambe/startseite/verein/3697/saison_id/2019
0,Cheltenham Town,https://www.transfermarkt.com/cheltenham-town/startseite/verein/3371/saison_id/2019
0,Carlisle United,https://www.transfermarkt.com/carlisle-united/startseite/verein/1220/saison_id/2019
0,Mansfield Town,https://www.transfermarkt.com/mansfield-town/startseite/verein/3820/saison_id/2019
0,Grimsby Town,https://www.transfermarkt.com/grimsby-town/startseite/verein/1034/saison_id/2019
0,Port Vale FC,https://www.transfermarkt.com/port-vale-fc/startseite/verein/1211/saison_id/2019
0,Crewe Alexandra,https://www.transfermarkt.com/crewe-alexandra/startseite/verein/1042/saison_id/2019
0,Newport County,https://www.transfermarkt.com/newport-county/startseite/verein/3716/saison_id/2019
0,Cambridge United,https://www.transfermarkt.com/cambridge-united/startseite/verein/986/saison_id/2019
0,Walsall FC,https://www.transfermarkt.com/fc-walsall/startseite/verein/899/saison_id/2019
0,Macclesfield Town,https://www.transfermarkt.com/macclesfield-town/startseite/verein/2436/saison_id/2019
0,Crawley Town,https://www.transfermarkt.com/crawley-town/startseite/verein/3537/saison_id/2019
0,ES Troyes AC,https://www.transfermarkt.com/es-troyes-ac/startseite/verein/1095/saison_id/2019
0,FC Lorient,https://www.transfermarkt.com/fc-lorient/startseite/verein/1158/saison_id/2019
0,AC Le Havre,https://www.transfermarkt.com/ac-le-havre/startseite/verein/738/saison_id/2019
0,RC Lens,https://www.transfermarkt.com/rc-lens/startseite/verein/826/saison_id/2019
0,EA Guingamp,https://www.transfermarkt.com/ea-guingamp/startseite/verein/855/saison_id/2019
0,SM Caen,https://www.transfermarkt.com/sm-caen/startseite/verein/1162/saison_id/2019
0,FC Sochaux-Montbéliard,https://www.transfermarkt.com/fc-sochaux-montbeliard/startseite/verein/750/saison_id/2019
0,Paris FC,https://www.transfermarkt.com/paris-fc/startseite/verein/10004/saison_id/2019
0,Valenciennes FC,https://www.transfermarkt.com/fc-valenciennes/startseite/verein/1423/saison_id/2019
0,AJ Auxerre,https://www.transfermarkt.com/aj-auxerre/startseite/verein/290/saison_id/2019
0,LB Châteauroux,https://www.transfermarkt.com/lb-chateauroux/startseite/verein/1175/saison_id/2019
0,FC Le Mans,https://www.transfermarkt.com/fc-le-mans/startseite/verein/1164/saison_id/2019
0,FC Chamois Niort,https://www.transfermarkt.com/fc-chamois-niort/startseite/verein/1161/saison_id/2019
0,AC Ajaccio,https://www.transfermarkt.com/ac-ajaccio/startseite/verein/1147/saison_id/2019
0,AS Nancy-Lorraine,https://www.transfermarkt.com/as-nancy-lorraine/startseite/verein/1159/saison_id/2019
0,US Orléans,https://www.transfermarkt.com/us-orleans/startseite/verein/10868/saison_id/2019
0,Clermont Foot Auvergne 63,https://www.transfermarkt.com/clermont-foot-auvergne-63/startseite/verein/3524/saison_id/2019
0,Grenoble Foot 38,https://www.transfermarkt.com/grenoble-foot-38/startseite/verein/1290/saison_id/2019
0,Rodez AF,https://www.transfermarkt.com/rodez-aveyron-football/startseite/verein/11273/saison_id/2019
0,FC Chambly,https://www.transfermarkt.com/fc-chambly/startseite/verein/35012/saison_id/2019
0,VfB Stuttgart,https://www.transfermarkt.com/vfb-stuttgart/startseite/verein/79/saison_id/2019
0,Hamburger SV,https://www.transfermarkt.com/hamburger-sv/startseite/verein/41/saison_id/2019
0,Hannover 96,https://www.transfermarkt.com/hannover-96/startseite/verein/42/saison_id/2019
0,1.FC Nuremberg,https://www.transfermarkt.com/1-fc-nurnberg/startseite/verein/4/saison_id/2019
0,Arminia Bielefeld,https://www.transfermarkt.com/arminia-bielefeld/startseite/verein/10/saison_id/2019
0,1.FC Heidenheim 1846,https://www.transfermarkt.com/1-fc-heidenheim/startseite/verein/2036/saison_id/2019
0,Holstein Kiel,https://www.transfermarkt.com/holstein-kiel/startseite/verein/269/saison_id/2019
0,VfL Bochum,https://www.transfermarkt.com/vfl-bochum/startseite/verein/80/saison_id/2019
0,SG Dynamo Dresden,https://www.transfermarkt.com/dynamo-dresden/startseite/verein/129/saison_id/2019
0,FC St. Pauli,https://www.transfermarkt.com/fc-st-pauli/startseite/verein/35/saison_id/2019
0,SV Darmstadt 98,https://www.transfermarkt.com/sv-darmstadt-98/startseite/verein/105/saison_id/2019
0,FC Erzgebirge Aue,https://www.transfermarkt.com/fc-erzgebirge-aue/startseite/verein/94/saison_id/2019
0,SpVgg Greuther Fürth,https://www.transfermarkt.com/spvgg-greuther-furth/startseite/verein/65/saison_id/2019
0,SV Sandhausen,https://www.transfermarkt.com/sv-sandhausen/startseite/verein/254/saison_id/2019
0,SSV Jahn Regensburg,https://www.transfermarkt.com/ssv-jahn-regensburg/startseite/verein/109/saison_id/2019
0,VfL Osnabrück,https://www.transfermarkt.com/vfl-osnabruck/startseite/verein/81/saison_id/2019
0,SV Wehen Wiesbaden,https://www.transfermarkt.com/sv-wehen-wiesbaden/startseite/verein/108/saison_id/2019
0,Karlsruher SC,https://www.transfermarkt.com/karlsruher-sc/startseite/verein/48/saison_id/2019
0,FC Bayern Munich II,https://www.transfermarkt.com/fc-bayern-munchen-ii/startseite/verein/28/saison_id/2019
0,KFC Uerdingen 05,https://www.transfermarkt.com/kfc-uerdingen-05/startseite/verein/95/saison_id/2019
0,FC Ingolstadt 04,https://www.transfermarkt.com/fc-ingolstadt-04/startseite/verein/4795/saison_id/2019
0,1.FC Kaiserslautern,https://www.transfermarkt.com/1-fc-kaiserslautern/startseite/verein/2/saison_id/2019
0,Eintracht Braunschweig,https://www.transfermarkt.com/eintracht-braunschweig/startseite/verein/23/saison_id/2019
0,FC Hansa Rostock,https://www.transfermarkt.com/fc-hansa-rostock/startseite/verein/30/saison_id/2019
0,1.FC Magdeburg,https://www.transfermarkt.com/1-fc-magdeburg/startseite/verein/187/saison_id/2019
0,Hallescher FC,https://www.transfermarkt.com/hallescher-fc/startseite/verein/440/saison_id/2019
0,SpVgg Unterhaching,https://www.transfermarkt.com/spvgg-unterhaching/startseite/verein/66/saison_id/2019
0,MSV Duisburg,https://www.transfermarkt.com/msv-duisburg/startseite/verein/52/saison_id/2019
0,TSV 1860 Munich,https://www.transfermarkt.com/tsv-1860-munchen/startseite/verein/72/saison_id/2019
0,FC Viktoria Köln,https://www.transfermarkt.com/fc-viktoria-koln/startseite/verein/1622/saison_id/2019
0,Würzburger Kickers,https://www.transfermarkt.com/wurzburger-kickers/startseite/verein/1557/saison_id/2019
0,FC Carl Zeiss Jena,https://www.transfermarkt.com/fc-carl-zeiss-jena/startseite/verein/113/saison_id/2019
0,FSV Zwickau,https://www.transfermarkt.com/fsv-zwickau/startseite/verein/275/saison_id/2019
0,Preußen Münster,https://www.transfermarkt.com/sc-preussen-munster/startseite/verein/91/saison_id/2019
0,SV Meppen,https://www.transfermarkt.com/sv-meppen/startseite/verein/247/saison_id/2019
0,SG Sonnenhof Großaspach,https://www.transfermarkt.com/sg-sonnenhof-grossaspach/startseite/verein/2589/saison_id/2019
0,Chemnitzer FC,https://www.transfermarkt.com/chemnitzer-fc/startseite/verein/21/saison_id/2019
0,SV Waldhof Mannheim,https://www.transfermarkt.com/sv-waldhof-mannheim-07/startseite/verein/85/saison_id/2019
0,Shamrock Rovers,https://www.transfermarkt.com/shamrock-rovers/startseite/verein/3258/saison_id/2019
0,Dundalk FC,https://www.transfermarkt.com/dundalk-fc/startseite/verein/6066/saison_id/2019
0,Finn Harps,https://www.transfermarkt.com/finn-harps/startseite/verein/5568/saison_id/2019
0,Derry City,https://www.transfermarkt.com/derry-city/startseite/verein/920/saison_id/2019
0,Waterford FC,https://www.transfermarkt.com/waterford-united-fc/startseite/verein/7609/saison_id/2019
0,St. Patricks Athletic,https://www.transfermarkt.com/st-patricks-athletic-fc-dublin/startseite/verein/1189/saison_id/2019
0,Sligo Rovers,https://www.transfermarkt.com/sligo-rovers/startseite/verein/8780/saison_id/2019
0,Cork City FC,https://www.transfermarkt.com/cork-city-fc/startseite/verein/27774/saison_id/2019
0,Shelbourne FC,https://www.transfermarkt.com/shelbourne-fc/startseite/verein/3909/saison_id/2019
0,Bohemian Football Club Dublin,https://www.transfermarkt.com/bohemian-football-club-dublin/startseite/verein/9211/saison_id/2019
0,FC Empoli,https://www.transfermarkt.com/fc-empoli/startseite/verein/749/saison_id/2019
0,Ascoli Calcio,https://www.transfermarkt.com/ascoli-calcio/startseite/verein/408/saison_id/2019
0,AC Perugia Calcio,https://www.transfermarkt.com/ac-perugia-calcio/startseite/verein/839/saison_id/2019
0,Benevento Calcio,https://www.transfermarkt.com/benevento-calcio/startseite/verein/4171/saison_id/2019
0,Frosinone Calcio,https://www.transfermarkt.com/frosinone-calcio/startseite/verein/8970/saison_id/2019
0,FC Crotone,https://www.transfermarkt.com/fc-crotone/startseite/verein/4083/saison_id/2019
0,AS Livorno,https://www.transfermarkt.com/as-livorno/startseite/verein/1210/saison_id/2019
0,Delfino Pescara 1936,https://www.transfermarkt.com/delfino-pescara-1936/startseite/verein/2921/saison_id/2019
0,Chievo Verona,https://www.transfermarkt.com/chievo-verona/startseite/verein/862/saison_id/2019
0,US Salernitana 1919,https://www.transfermarkt.com/us-salernitana-1919/startseite/verein/380/saison_id/2019
0,Spezia Calcio,https://www.transfermarkt.com/spezia-calcio/startseite/verein/3522/saison_id/2019
0,US Cremonese,https://www.transfermarkt.com/us-cremonese/startseite/verein/2239/saison_id/2019
0,Virtus Entella,https://www.transfermarkt.com/virtus-entella/startseite/verein/20519/saison_id/2019
0,Trapani Calcio,https://www.transfermarkt.com/trapani-calcio/startseite/verein/4331/saison_id/2019
0,AC Pisa 1909,https://www.transfermarkt.com/ac-pisa-1909/startseite/verein/4172/saison_id/2019
0,Pordenone Calcio,https://www.transfermarkt.com/pordenone-calcio/startseite/verein/21331/saison_id/2019
0,AS Cittadella,https://www.transfermarkt.com/as-cittadella/startseite/verein/4084/saison_id/2019
0,Cosenza Calcio,https://www.transfermarkt.com/nuova-cosenza-calcio/startseite/verein/4031/saison_id/2019
0,Venezia FC,https://www.transfermarkt.com/fbc-unione-venezia/startseite/verein/607/saison_id/2019
0,SS Juve Stabia,https://www.transfermarkt.com/ss-juve-stabia/startseite/verein/5587/saison_id/2019
0,Rosenborg BK,https://www.transfermarkt.com/rosenborg-trondheim/startseite/verein/195/saison_id/2019
0,Molde FK,https://www.transfermarkt.com/molde-fk/startseite/verein/687/saison_id/2019
0,Vålerenga Fotball,https://www.transfermarkt.com/valerenga-oslo/startseite/verein/76/saison_id/2019
0,Sarpsborg 08 FF,https://www.transfermarkt.com/sarpsborg-08-ff/startseite/verein/10217/saison_id/2019
0,FK Bodø/Glimt,https://www.transfermarkt.com/fk-bodo-glimt/startseite/verein/501/saison_id/2019
0,SK Brann,https://www.transfermarkt.com/brann-bergen/startseite/verein/1100/saison_id/2019
0,Odds BK,https://www.transfermarkt.com/odds-bk/startseite/verein/1058/saison_id/2019
0,Viking Stavanger,https://www.transfermarkt.com/viking-stavanger/startseite/verein/239/saison_id/2019
0,Strømsgodset IF,https://www.transfermarkt.com/stromsgodset-if/startseite/verein/2817/saison_id/2019
0,Aalesunds FK,https://www.transfermarkt.com/aalesunds-fk/startseite/verein/5619/saison_id/2019
0,Stabæk Fotball,https://www.transfermarkt.com/stabaek-if/startseite/verein/1274/saison_id/2019
0,Kristiansund BK,https://www.transfermarkt.com/kristiansund-bk/startseite/verein/21101/saison_id/2019
0,FK Haugesund,https://www.transfermarkt.com/fk-haugesund/startseite/verein/2761/saison_id/2019
0,IK Start,https://www.transfermarkt.com/ik-start-kristiansand/startseite/verein/267/saison_id/2019
0,Mjøndalen IF,https://www.transfermarkt.com/mjondalen-if/startseite/verein/11338/saison_id/2019
0,Sandefjord Fotball,https://www.transfermarkt.com/sandefjord-fotball/startseite/verein/6399/saison_id/2019
0,Legia Warszawa,https://www.transfermarkt.com/legia-warschau/startseite/verein/255/saison_id/2019
0,Lech Poznan,https://www.transfermarkt.com/lech-pozna%C5%84/startseite/verein/238/saison_id/2019
0,Jagiellonia Bialystok,https://www.transfermarkt.com/jagiellonia-bialystok/startseite/verein/2300/saison_id/2019
0,Lechia Gdansk,https://www.transfermarkt.com/lechia-gdansk/startseite/verein/4000/saison_id/2019
0,Pogon Szczecin,https://www.transfermarkt.com/pogon-stettin/startseite/verein/324/saison_id/2019
0,Cracovia,https://www.transfermarkt.com/cracovia-krakau/startseite/verein/5689/saison_id/2019
0,Zaglebie Lubin,https://www.transfermarkt.com/zaglebie-lubin/startseite/verein/168/saison_id/2019
0,Wisla Kraków,https://www.transfermarkt.com/wisla-krakau/startseite/verein/422/saison_id/2019
0,Piast Gliwice,https://www.transfermarkt.com/piast-gliwice/startseite/verein/6112/saison_id/2019
0,Górnik Zabrze,https://www.transfermarkt.com/gornik-zabrze/startseite/verein/428/saison_id/2019
0,Slask Wroclaw,https://www.transfermarkt.com/slask-wroclaw/startseite/verein/759/saison_id/2019
0,Wisla Plock,https://www.transfermarkt.com/wisla-plock/startseite/verein/2118/saison_id/2019
0,Arka Gdynia,https://www.transfermarkt.com/arka-gdynia/startseite/verein/6107/saison_id/2019
0,Korona Kielce,https://www.transfermarkt.com/korona-kielce/startseite/verein/6110/saison_id/2019
0,Rakow Czestochowa,https://www.transfermarkt.com/rakow-czestochowa/startseite/verein/9644/saison_id/2019
0,LKS Lodz,https://www.transfermarkt.com/lks-lodz/startseite/verein/256/saison_id/2019
0,Celtic FC,https://www.transfermarkt.com/celtic-glasgow/startseite/verein/371/saison_id/2019
0,Rangers FC,https://www.transfermarkt.com/glasgow-rangers/startseite/verein/124/saison_id/2019
0,Aberdeen FC,https://www.transfermarkt.com/aberdeen-fc/startseite/verein/370/saison_id/2019
0,Heart of Midlothian FC,https://www.transfermarkt.com/heart-of-midlothian-fc/startseite/verein/43/saison_id/2019
0,Hibernian FC,https://www.transfermarkt.com/hibernian-fc/startseite/verein/903/saison_id/2019
0,Motherwell FC,https://www.transfermarkt.com/motherwell-fc/startseite/verein/987/saison_id/2019
0,Kilmarnock FC,https://www.transfermarkt.com/kilmarnock-fc/startseite/verein/2553/saison_id/2019
0,Ross County FC,https://www.transfermarkt.com/ross-county-fc/startseite/verein/2759/saison_id/2019
0,Livingston FC,https://www.transfermarkt.com/livingston-fc/startseite/verein/1241/saison_id/2019
0,St. Johnstone FC,https://www.transfermarkt.com/st-johnstone-fc/startseite/verein/2578/saison_id/2019
0,St. Mirren FC,https://www.transfermarkt.com/st-mirren-fc/startseite/verein/465/saison_id/2019
0,Hamilton Academical FC,https://www.transfermarkt.com/hamilton-academical-fc/startseite/verein/2999/saison_id/2019
0,Girona FC,https://www.transfermarkt.com/fc-girona/startseite/verein/12321/saison_id/2019
0,Rayo Vallecano,https://www.transfermarkt.com/rayo-vallecano/startseite/verein/367/saison_id/2019
0,UD Almería,https://www.transfermarkt.com/ud-almeria/startseite/verein/3302/saison_id/2019
0,Deportivo de La Coruña,https://www.transfermarkt.com/deportivo-la-coruna/startseite/verein/897/saison_id/2019
0,SD Huesca,https://www.transfermarkt.com/sd-huesca/startseite/verein/5358/saison_id/2019
0,Real Zaragoza,https://www.transfermarkt.com/real-saragossa/startseite/verein/142/saison_id/2019
0,UD Las Palmas,https://www.transfermarkt.com/ud-las-palmas/startseite/verein/472/saison_id/2019
0,Cádiz CF,https://www.transfermarkt.com/cadiz-cf/startseite/verein/2687/saison_id/2019
0,Sporting Gijón,https://www.transfermarkt.com/sporting-gijon/startseite/verein/2448/saison_id/2019
0,Málaga CF,https://www.transfermarkt.com/fc-malaga/startseite/verein/1084/saison_id/2019
0,Real Oviedo,https://www.transfermarkt.com/real-oviedo/startseite/verein/2497/saison_id/2019
0,CD Tenerife,https://www.transfermarkt.com/cd-teneriffa/startseite/verein/648/saison_id/2019
0,Albacete Balompié,https://www.transfermarkt.com/albacete-balompie/startseite/verein/1532/saison_id/2019
0,Elche CF,https://www.transfermarkt.com/fc-elche/startseite/verein/1531/saison_id/2019
0,CD Lugo,https://www.transfermarkt.com/cd-lugo/startseite/verein/11000/saison_id/2019
0,CD Mirandés,https://www.transfermarkt.com/cd-mirandes/startseite/verein/13222/saison_id/2019
0,Racing Santander,https://www.transfermarkt.com/racing-santander/startseite/verein/630/saison_id/2019
0,CD Numancia,https://www.transfermarkt.com/cd-numancia/startseite/verein/2296/saison_id/2019
0,AD Alcorcón,https://www.transfermarkt.com/ad-alcorcon/startseite/verein/11596/saison_id/2019
0,CF Fuenlabrada,https://www.transfermarkt.com/fc-fuenlabrada/startseite/verein/16486/saison_id/2019
0,Extremadura UD,https://www.transfermarkt.com/extremadura-ud/startseite/verein/29095/saison_id/2019
0,SD Ponferradina,https://www.transfermarkt.com/sd-ponferradina/startseite/verein/4032/saison_id/2019
0,Malmö FF,https://www.transfermarkt.com/malmo-ff/startseite/verein/496/saison_id/2019
0,Hammarby IF,https://www.transfermarkt.com/hammarby-if/startseite/verein/1059/saison_id/2019
0,AIK,https://www.transfermarkt.com/aik-stockholm/startseite/verein/272/saison_id/2019
0,Djurgardens IF,https://www.transfermarkt.com/djurgardens-if/startseite/verein/1044/saison_id/2019
0,IFK Norrköping,https://www.transfermarkt.com/ifk-norrkoping/startseite/verein/2844/saison_id/2019
0,IFK Göteborg,https://www.transfermarkt.com/ifk-goteborg/startseite/verein/801/saison_id/2019
0,BK Häcken,https://www.transfermarkt.com/bk-hacken/startseite/verein/1109/saison_id/2019
0,IF Elfsborg,https://www.transfermarkt.com/if-elfsborg-boras/startseite/verein/1101/saison_id/2019
0,Kalmar FF,https://www.transfermarkt.com/kalmar-ff/startseite/verein/3654/saison_id/2019
0,Helsingborgs IF,https://www.transfermarkt.com/helsingborgs-if/startseite/verein/699/saison_id/2019
0,Östersunds FK,https://www.transfermarkt.com/ostersunds-fk/startseite/verein/9614/saison_id/2019
0,Örebro SK,https://www.transfermarkt.com/orebro-sk/startseite/verein/1056/saison_id/2019
0,IK Sirius,https://www.transfermarkt.com/ik-sirius/startseite/verein/7945/saison_id/2019
0,Falkenbergs FF,https://www.transfermarkt.com/falkenbergs-ff/startseite/verein/5196/saison_id/2019
0,Mjällby AIF,https://www.transfermarkt.com/mjallby-aif/startseite/verein/2719/saison_id/2019
0,Varbergs BoIS,https://www.transfermarkt.com/varbergs-bois/startseite/verein/10507/saison_id/2019
0,BSC Young Boys,https://www.transfermarkt.com/bsc-young-boys/startseite/verein/452/saison_id/2019
0,FC Basel 1893,https://www.transfermarkt.com/fc-basel-1893/startseite/verein/26/saison_id/2019
0,FC Zürich,https://www.transfermarkt.com/fc-zurich/startseite/verein/260/saison_id/2019
0,FC Sion,https://www.transfermarkt.com/fc-sion/startseite/verein/321/saison_id/2019
0,FC Luzern,https://www.transfermarkt.com/fc-luzern/startseite/verein/434/saison_id/2019
0,FC St. Gallen 1879,https://www.transfermarkt.com/fc-st-gallen/startseite/verein/257/saison_id/2019
0,FC Thun,https://www.transfermarkt.com/fc-thun/startseite/verein/938/saison_id/2019
0,FC Lugano,https://www.transfermarkt.com/fc-lugano/startseite/verein/2790/saison_id/2019
0,Servette FC,https://www.transfermarkt.com/servette-fc/startseite/verein/61/saison_id/2019
0,Neuchâtel Xamax FCS,https://www.transfermarkt.com/neuchatel-xamax-fcs/startseite/verein/9084/saison_id/2019
0,Galatasaray SK,https://www.transfermarkt.com/galatasaray-istanbul/startseite/verein/141/saison_id/2019
0,Trabzonspor,https://www.transfermarkt.com/trabzonspor/startseite/verein/449/saison_id/2019
0,Fenerbahce SK,https://www.transfermarkt.com/fenerbahce-istanbul/startseite/verein/36/saison_id/2019
0,Besiktas JK,https://www.transfermarkt.com/besiktas-istanbul/startseite/verein/114/saison_id/2019
0,Istanbul Basaksehir FK,https://www.transfermarkt.com/istanbul-buyuksehir-belediyespor/startseite/verein/6890/saison_id/2019
0,Kasimpasa,https://www.transfermarkt.com/kasimpasa/startseite/verein/10484/saison_id/2019
0,Sivasspor,https://www.transfermarkt.com/sivasspor/startseite/verein/2381/saison_id/2019
0,Alanyaspor,https://www.transfermarkt.com/alanyaspor/startseite/verein/11282/saison_id/2019
0,Konyaspor,https://www.transfermarkt.com/torku-konyaspor/startseite/verein/2293/saison_id/2019
0,Gaziantep FK,https://www.transfermarkt.com/gaziantep-buyuksehir-belediyespor/startseite/verein/2832/saison_id/2019
0,Caykur Rizespor,https://www.transfermarkt.com/caykur-rizespor/startseite/verein/126/saison_id/2019
0,Yeni Malatyaspor,https://www.transfermarkt.com/yeni-malatyaspor/startseite/verein/19789/saison_id/2019
0,Antalyaspor,https://www.transfermarkt.com/medical-park-antalyaspor/startseite/verein/589/saison_id/2019
0,Kayserispor,https://www.transfermarkt.com/kayserispor/startseite/verein/3205/saison_id/2019
0,Denizlispor,https://www.transfermarkt.com/tekden-denizlispor/startseite/verein/833/saison_id/2019
0,Göztepe,https://www.transfermarkt.com/goztepe-izmir/startseite/verein/1467/saison_id/2019
0,Genclerbirligi Ankara,https://www.transfermarkt.com/genclerbirligi-ankara/startseite/verein/820/saison_id/2019
0,MKE Ankaragücü,https://www.transfermarkt.com/mke-ankaragucu/startseite/verein/868/saison_id/2019
0,Club Atlético River Plate,https://www.transfermarkt.com/club-atletico-river-plate/startseite/verein/209/saison_id/2019
0,Club Atlético Boca Juniors,https://www.transfermarkt.com/club-atletico-boca-juniors/startseite/verein/189/saison_id/2019
0,Club Atlético Vélez Sarsfield,https://www.transfermarkt.com/club-atletico-velez-sarsfield/startseite/verein/1029/saison_id/2019
0,Club Atlético San Lorenzo de Almagro,https://www.transfermarkt.com/club-atletico-san-lorenzo-de-almagro/startseite/verein/1775/saison_id/2019
0,Racing Club,https://www.transfermarkt.com/racing-club-de-avellaneda/startseite/verein/1444/saison_id/2019
0,Club Atlético Independiente,https://www.transfermarkt.com/ca-independiente-de-avellaneda/startseite/verein/1234/saison_id/2019
0,Club Atlético Talleres,https://www.transfermarkt.com/talleres-de-cordoba-ca/startseite/verein/3938/saison_id/2019
0,Club Atlético Lanús,https://www.transfermarkt.com/club-atletico-lanus/startseite/verein/333/saison_id/2019
0,Club Estudiantes de La Plata,https://www.transfermarkt.com/estudiantes-de-la-plata/startseite/verein/288/saison_id/2019
0,Club Atlético Colón,https://www.transfermarkt.com/club-atletico-colon-santa-fe-/startseite/verein/1070/saison_id/2019
0,Asociación Atlética Argentinos Juniors,https://www.transfermarkt.com/argentinos-juniors/startseite/verein/1030/saison_id/2019
0,Club Deportivo Godoy Cruz Antonio Tomba,https://www.transfermarkt.com/club-deportivo-godoy-cruz/startseite/verein/12574/saison_id/2019
0,Club Atlético Banfield,https://www.transfermarkt.com/club-atletico-banfield/startseite/verein/830/saison_id/2019
0,Club Atlético Newell's Old Boys,https://www.transfermarkt.com/club-atletico-newells-old-boys/startseite/verein/1286/saison_id/2019
0,Defensa y Justicia,https://www.transfermarkt.com/defensa-y-justicia/startseite/verein/2402/saison_id/2019
0,Club Atlético Rosario Central,https://www.transfermarkt.com/club-atletico-rosario-central/startseite/verein/1418/saison_id/2019
0,Club Atlético Huracán,https://www.transfermarkt.com/club-atletico-huracan/startseite/verein/2063/saison_id/2019
0,Club Atlético Tucumán,https://www.transfermarkt.com/club-atletico-tucuman/startseite/verein/14554/saison_id/2019
0,Club de Gimnasia y Esgrima La Plata,https://www.transfermarkt.com/club-de-gimnasia-y-esgrima-la-plata/startseite/verein/1106/saison_id/2019
0,Club Atlético Unión,https://www.transfermarkt.com/ca-union-santa-fe/startseite/verein/7097/saison_id/2019
0,Arsenal Fútbol Club,https://www.transfermarkt.com/arsenal-de-sarandi-fc/startseite/verein/4673/saison_id/2019
0,Club Atlético Aldosivi,https://www.transfermarkt.com/club-atletico-aldosivi-mdp-/startseite/verein/12301/saison_id/2019
0,Club Atlético Central Córdoba (SdE),https://www.transfermarkt.com/club-atletico-central-cordoba-sde-/startseite/verein/31284/saison_id/2019
0,Club Atlético Patronato,https://www.transfermarkt.com/club-atletico-patronato/startseite/verein/19806/saison_id/2019
0,Melbourne City FC,https://www.transfermarkt.com/melbourne-heart-fc/startseite/verein/25580/saison_id/2019
0,Perth Glory,https://www.transfermarkt.com/perth-glory/startseite/verein/970/saison_id/2019
0,Western Sydney Wanderers,https://www.transfermarkt.com/western-sydney-wanderers/startseite/verein/36100/saison_id/2019
0,Newcastle United Jets,https://www.transfermarkt.com/newcastle-united-jets/startseite/verein/5551/saison_id/2019
0,Sydney FC,https://www.transfermarkt.com/sydney-fc/startseite/verein/8054/saison_id/2019
0,Wellington Phoenix,https://www.transfermarkt.com/wellington-phoenix/startseite/verein/8445/saison_id/2019
0,Melbourne Victory,https://www.transfermarkt.com/melbourne-victory/startseite/verein/7006/saison_id/2019
0,Western United FC,https://www.transfermarkt.com/western-melbourne-group/startseite/verein/71084/saison_id/2019
0,Adelaide United,https://www.transfermarkt.com/adelaide-united/startseite/verein/875/saison_id/2019
0,Central Coast Mariners,https://www.transfermarkt.com/central-coast-mariners/startseite/verein/6954/saison_id/2019
0,Brisbane Roar,https://www.transfermarkt.com/brisbane-roar/startseite/verein/7831/saison_id/2019
0,Clube de Regatas do Flamengo,https://www.transfermarkt.com/flamengo-rio-de-janeiro/startseite/verein/614/saison_id/2019
0,Sociedade Esportiva Palmeiras,https://www.transfermarkt.com/se-palmeiras-sao-paulo/startseite/verein/1023/saison_id/2019
0,Grêmio Foot-Ball Porto Alegrense,https://www.transfermarkt.com/gremio-foot-ball-porto-alegrense/startseite/verein/210/saison_id/2019
0,Sport Club Corinthians Paulista,https://www.transfermarkt.com/corinthians-sao-paulo/startseite/verein/199/saison_id/2019
0,São Paulo Futebol Clube,https://www.transfermarkt.com/fc-sao-paulo/startseite/verein/585/saison_id/2019
0,Santos FC,https://www.transfermarkt.com/fc-santos/startseite/verein/221/saison_id/2019
0,Sport Club Internacional,https://www.transfermarkt.com/sc-internacional-porto-alegre/startseite/verein/6600/saison_id/2019
0,Clube Atlético Mineiro,https://www.transfermarkt.com/atletico-mineiro/startseite/verein/330/saison_id/2019
0,Fluminense Football Club,https://www.transfermarkt.com/fluminense-football-club/startseite/verein/2462/saison_id/2019
0,Club de Regatas Vasco da Gama,https://www.transfermarkt.com/vasco-da-gama-rio-de-janeiro/startseite/verein/978/saison_id/2019
0,Club Athletico Paranaense,https://www.transfermarkt.com/clube-atletico-paranaense/startseite/verein/679/saison_id/2019
0,Esporte Clube Bahia,https://www.transfermarkt.com/ec-bahia/startseite/verein/10010/saison_id/2019
0,Botafogo Rio de Janeiro,https://www.transfermarkt.com/botafogo-fr-rio-de-janeiro/startseite/verein/537/saison_id/2019
0,Red Bull Bragantino,https://www.transfermarkt.com/clube-atletico-bragantino-sp-/startseite/verein/8793/saison_id/2019
0,Coritiba Foot Ball Club,https://www.transfermarkt.com/coritiba-fc/startseite/verein/776/saison_id/2019
0,Goiás Esporte Clube,https://www.transfermarkt.com/goias-esporte-clube/startseite/verein/3197/saison_id/2019
0,Ceará Sporting Club,https://www.transfermarkt.com/ceara-sporting-club-ce-/startseite/verein/2029/saison_id/2019
0,Fortaleza Esporte Clube,https://www.transfermarkt.com/fortaleza-esporte-clube/startseite/verein/10870/saison_id/2019
0,Sport Club do Recife,https://www.transfermarkt.com/sport-club-do-recife/startseite/verein/8718/saison_id/2019
0,AC Goianiense (GO),https://www.transfermarkt.com/atletico-goianiense/startseite/verein/15172/saison_id/2019
0,CSD Colo Colo,https://www.transfermarkt.com/csd-colo-colo/startseite/verein/2433/saison_id/2019
0,CD Universidad Católica,https://www.transfermarkt.com/cd-universidad-catolica/startseite/verein/3277/saison_id/2019
0,CD Everton,https://www.transfermarkt.com/cd-everton/startseite/verein/7020/saison_id/2019
0,CD Palestino,https://www.transfermarkt.com/cd-palestino/startseite/verein/6536/saison_id/2019
0,Club Universidad de Chile,https://www.transfermarkt.com/club-universidad-de-chile/startseite/verein/1037/saison_id/2019
0,Unión La Calera,https://www.transfermarkt.com/union-la-calera/startseite/verein/20514/saison_id/2019
0,Huachipato FC,https://www.transfermarkt.com/cd-huachipato/startseite/verein/6368/saison_id/2019
0,CD O'Higgins,https://www.transfermarkt.com/cd-ohiggins/startseite/verein/11470/saison_id/2019
0,Audax Italiano,https://www.transfermarkt.com/audax-italiano/startseite/verein/6363/saison_id/2019
0,Unión Española,https://www.transfermarkt.com/union-espanola/startseite/verein/4321/saison_id/2019
0,Club de Deportes Antofagasta,https://www.transfermarkt.com/club-de-deportes-antofagasta/startseite/verein/17222/saison_id/2019
0,Club Deportes Iquique,https://www.transfermarkt.com/club-deportes-iquique/startseite/verein/18076/saison_id/2019
0,Coquimbo Unido,https://www.transfermarkt.com/coquimbo-unido/startseite/verein/11004/saison_id/2019
0,CDP Curicó Unido,https://www.transfermarkt.com/cdp-curico-unido/startseite/verein/19027/saison_id/2019
0,CD Cobresal,https://www.transfermarkt.com/cd-cobresal/startseite/verein/17482/saison_id/2019
0,Santiago Wanderers,https://www.transfermarkt.com/santiago-wanderers/startseite/verein/2723/saison_id/2019
0,Universidad Concepción,https://www.transfermarkt.com/universidad-concepcion/startseite/verein/5622/saison_id/2019
0,Deportes La Serena,https://www.transfermarkt.com/deportes-la-serena/startseite/verein/5747/saison_id/2019
0,Shanghai SIPG,https://www.transfermarkt.com/shanghai-east-asia/startseite/verein/27190/saison_id/2019
0,Guangzhou Evergrande Taobao,https://www.transfermarkt.com/guangzhou-evergrande-f-c-/startseite/verein/10948/saison_id/2019
0,Beijing Sinobo Guoan,https://www.transfermarkt.com/beijing-guoan/startseite/verein/3176/saison_id/2019
0,Shandong Luneng Taishan,https://www.transfermarkt.com/shandong-luneng-taishan-f-c-/startseite/verein/3182/saison_id/2019
0,Dalian Professional,https://www.transfermarkt.com/dalian-aerbin/startseite/verein/33304/saison_id/2019
0,Jiangsu Suning,https://www.transfermarkt.com/jiangsu-guoxin-sainty/startseite/verein/22219/saison_id/2019
0,Shanghai Greenland Shenhua,https://www.transfermarkt.com/shanghai-greenland/startseite/verein/3183/saison_id/2019
0,Guangzhou R&F,https://www.transfermarkt.com/guangzhou-r-amp-f-f-c-/startseite/verein/18916/saison_id/2019
0,Wuhan Zall,https://www.transfermarkt.com/wuhan-zall-professional-f-c/startseite/verein/6450/saison_id/2019
0,Tianjin Teda,https://www.transfermarkt.com/tianjin-teda/startseite/verein/3187/saison_id/2019
0,Henan Jianye,https://www.transfermarkt.com/henan-jianye/startseite/verein/9982/saison_id/2019
0,Chongqing Dangdai Lifan,https://www.transfermarkt.com/chongqing-lifan/startseite/verein/1326/saison_id/2019
0,Hebei China Fortune,https://www.transfermarkt.com/hebei-zhongji/startseite/verein/36630/saison_id/2019
0,Shijiazhuang Ever Bright,https://www.transfermarkt.com/shijiazhuang-yongchang/startseite/verein/35272/saison_id/2019
0,Qingdao Huanghai,https://www.transfermarkt.com/qingdao-hainiu/startseite/verein/38987/saison_id/2019
0,Tianjin Tianhai,https://www.transfermarkt.com/tianjin-songjiang-f-c-/startseite/verein/33714/saison_id/2019
0,Junior FC,https://www.transfermarkt.com/cd-atletico-junior/startseite/verein/11854/saison_id/2019
0,Millonarios FC,https://www.transfermarkt.com/millonarios-fc/startseite/verein/2350/saison_id/2019
0,Atlético Nacional,https://www.transfermarkt.com/atletico-nacional/startseite/verein/8172/saison_id/2019
0,CD América de Cali,https://www.transfermarkt.com/cd-america-de-cali/startseite/verein/2352/saison_id/2019
0,Deportes Tolima,https://www.transfermarkt.com/deportes-tolima/startseite/verein/10503/saison_id/2019
0,Independiente Santa Fe,https://www.transfermarkt.com/independiente-santa-fe/startseite/verein/11648/saison_id/2019
0,CD La Equidad Seguros SA,https://www.transfermarkt.com/cd-la-equidad/startseite/verein/17425/saison_id/2019
0,Independiente Medellín,https://www.transfermarkt.com/independiente-medellin/startseite/verein/10093/saison_id/2019
0,Rionegro Águilas,https://www.transfermarkt.com/itagui-ditaires/startseite/verein/20590/saison_id/2019
0,Asociación Deportivo Pasto,https://www.transfermarkt.com/deportivo-pasto/startseite/verein/10090/saison_id/2019
0,Deportivo Cali,https://www.transfermarkt.com/deportivo-cali/startseite/verein/9961/saison_id/2019
0,Atlético Bucaramanga,https://www.transfermarkt.com/atletico-bucaramanga/startseite/verein/6495/saison_id/2019
0,Once Caldas,https://www.transfermarkt.com/once-caldas/startseite/verein/6984/saison_id/2019
0,Jaguares de Córdoba,https://www.transfermarkt.com/jaguares-de-cordoba/startseite/verein/39252/saison_id/2019
0,Alianza Petrolera,https://www.transfermarkt.com/alianza-petrolera/startseite/verein/22902/saison_id/2019
0,Envigado FC,https://www.transfermarkt.com/envigado-fc/startseite/verein/7136/saison_id/2019
0,Cúcuta Deportivo,https://www.transfermarkt.com/cucuta-deportivo/startseite/verein/13379/saison_id/2019
0,Boyacá Patriotas FC,https://www.transfermarkt.com/boyaca-patriotas-fc/startseite/verein/18231/saison_id/2019
0,Deportivo Pereira,https://www.transfermarkt.com/deportivo-pereira/startseite/verein/9811/saison_id/2019
0,Boyacá Chicó FC,https://www.transfermarkt.com/boyaca-chico-fc/startseite/verein/14649/saison_id/2019
0,Urawa Red Diamonds,https://www.transfermarkt.com/urawa-red-diamonds/startseite/verein/828/saison_id/2019
0,Yokohama F. Marinos,https://www.transfermarkt.com/yokohama-f-marinos/startseite/verein/3828/saison_id/2019
0,Cerezo Osaka,https://www.transfermarkt.com/cerezo-osaka/startseite/verein/1022/saison_id/2019
0,Kashima Antlers,https://www.transfermarkt.com/kashima-antlers/startseite/verein/2241/saison_id/2019
0,Kawasaki Frontale,https://www.transfermarkt.com/kawasaki-frontale/startseite/verein/9598/saison_id/2019
0,Vissel Kobe,https://www.transfermarkt.com/vissel-kobe/startseite/verein/3958/saison_id/2019
0,Kashiwa Reysol,https://www.transfermarkt.com/kashiwa-reysol/startseite/verein/6632/saison_id/2019
0,Gamba Osaka,https://www.transfermarkt.com/gamba-osaka/startseite/verein/596/saison_id/2019
0,Nagoya Grampus,https://www.transfermarkt.com/nagoya-grampus/startseite/verein/1066/saison_id/2019
0,FC Tokyo,https://www.transfermarkt.com/fc-tokyo/startseite/verein/6631/saison_id/2019
0,Hokkaido Consadole Sapporo,https://www.transfermarkt.com/consadole-sapporo/startseite/verein/16032/saison_id/2019
0,Shimizu S-Pulse,https://www.transfermarkt.com/shimizu-s-pulse/startseite/verein/1062/saison_id/2019
0,Sanfrecce Hiroshima,https://www.transfermarkt.com/sanfrecce-hiroshima/startseite/verein/2697/saison_id/2019
0,Oita Trinita,https://www.transfermarkt.com/oita-trinita/startseite/verein/3935/saison_id/2019
0,Vegalta Sendai,https://www.transfermarkt.com/vegalta-sendai/startseite/verein/6395/saison_id/2019
0,Shonan Bellmare,https://www.transfermarkt.com/shonan-bellmare/startseite/verein/8457/saison_id/2019
0,Sagan Tosu,https://www.transfermarkt.com/sagan-tosu/startseite/verein/22177/saison_id/2019
0,Yokohama FC,https://www.transfermarkt.com/yokohama-fc/startseite/verein/943/saison_id/2019
0,Jeonbuk Hyundai Motors,https://www.transfermarkt.com/jeonbuk-hyundai-motors/startseite/verein/6502/saison_id/2019
0,FC Seoul,https://www.transfermarkt.com/fc-seoul/startseite/verein/6500/saison_id/2019
0,Ulsan Hyundai,https://www.transfermarkt.com/ulsan-hyundai/startseite/verein/3535/saison_id/2019
0,Suwon Samsung Bluewings,https://www.transfermarkt.com/suwon-bluewings/startseite/verein/3301/saison_id/2019
0,Gangwon FC,https://www.transfermarkt.com/gangwon-fc/startseite/verein/21459/saison_id/2019
0,Sangju Sangmu,https://www.transfermarkt.com/sangju-sangmu-phoenix/startseite/verein/6505/saison_id/2019
0,Busan IPark,https://www.transfermarkt.com/busan-ipark/startseite/verein/2582/saison_id/2019
0,Daegu FC,https://www.transfermarkt.com/daegu-fc/startseite/verein/6504/saison_id/2019
0,Incheon United,https://www.transfermarkt.com/incheon-united-fc/startseite/verein/2996/saison_id/2019
0,Pohang Steelers,https://www.transfermarkt.com/pohang-steelers/startseite/verein/311/saison_id/2019
0,Seongnam FC,https://www.transfermarkt.com/seongnam-fc/startseite/verein/3610/saison_id/2019
0,Gwangju FC,https://www.transfermarkt.com/gwangju-fc/startseite/verein/30925/saison_id/2019
0,CF Monterrey,https://www.transfermarkt.com/cf-monterrey/startseite/verein/2407/saison_id/2019
0,Tigres UANL,https://www.transfermarkt.com/tigres-uanl/startseite/verein/7055/saison_id/2019
0,CF América,https://www.transfermarkt.com/cf-america/startseite/verein/3631/saison_id/2019
0,Deportivo Guadalajara,https://www.transfermarkt.com/deportivo-guadalajara/startseite/verein/6711/saison_id/2019
0,CD Cruz Azul,https://www.transfermarkt.com/cd-cruz-azul/startseite/verein/3711/saison_id/2019
0,Santos Laguna,https://www.transfermarkt.com/santos-laguna/startseite/verein/1403/saison_id/2019
0,CF Pachuca,https://www.transfermarkt.com/cf-pachuca/startseite/verein/4035/saison_id/2019
0,Club León FC,https://www.transfermarkt.com/club-leon-fc/startseite/verein/4941/saison_id/2019
0,Club Tijuana,https://www.transfermarkt.com/club-tijuana/startseite/verein/13353/saison_id/2019
0,Atlas Guadalajara,https://www.transfermarkt.com/atlas-guadalajara/startseite/verein/8590/saison_id/2019
0,Deportivo Toluca,https://www.transfermarkt.com/deportivo-toluca/startseite/verein/1804/saison_id/2019
0,Querétaro FC,https://www.transfermarkt.com/queretaro-fc/startseite/verein/4961/saison_id/2019
0,UNAM Pumas,https://www.transfermarkt.com/unam-pumas/startseite/verein/7633/saison_id/2019
0,Atlético de San Luis,https://www.transfermarkt.com/atletico-san-luis/startseite/verein/40188/saison_id/2019
0,Club Necaxa,https://www.transfermarkt.com/club-necaxa/startseite/verein/1146/saison_id/2019
0,Monarcas Morelia,https://www.transfermarkt.com/monarcas-morelia/startseite/verein/5623/saison_id/2019
0,Puebla FC,https://www.transfermarkt.com/puebla-fc/startseite/verein/5662/saison_id/2019
0,FC Juárez,https://www.transfermarkt.com/fc-juarez/startseite/verein/49283/saison_id/2019
0,Al-Ahli Jeddah,https://www.transfermarkt.com/al-ahli-dschidda/startseite/verein/18487/saison_id/2019
0,Al-Nassr FC,https://www.transfermarkt.com/al-nasr-riad/startseite/verein/18544/saison_id/2019
0,Al-Hilal Riyadh,https://www.transfermarkt.com/al-hilal-riad/startseite/verein/1114/saison_id/2019
0,Al-Ittihad Jeddah,https://www.transfermarkt.com/al-ittihad-dschidda/startseite/verein/8023/saison_id/2019
0,Al-Ettifaq,https://www.transfermarkt.com/al-ettifaq/startseite/verein/7732/saison_id/2019
0,Al-Shabab Riyadh,https://www.transfermarkt.com/al-shabab-riad/startseite/verein/9840/saison_id/2019
0,Al-Wahda Mekka,https://www.transfermarkt.com/al-wahda-mekka/startseite/verein/17209/saison_id/2019
0,Al-Taawon,https://www.transfermarkt.com/al-taawon/startseite/verein/28844/saison_id/2019
0,Al-Faisaly Harmah,https://www.transfermarkt.com/al-faisaly-harmah/startseite/verein/28848/saison_id/2019
0,Al-Fateh,https://www.transfermarkt.com/al-fateh/startseite/verein/27221/saison_id/2019
0,Al-Feiha FC,https://www.transfermarkt.com/al-feiha-fc/startseite/verein/50531/saison_id/2019
0,Al-Raed,https://www.transfermarkt.com/al-raed/startseite/verein/22381/saison_id/2019
0,Al-Adalh FC,https://www.transfermarkt.com/al-adalh-fc/startseite/verein/55544/saison_id/2019
0,Abha Club,https://www.transfermarkt.com/abha-club/startseite/verein/40039/saison_id/2019
0,Al-Hazm,https://www.transfermarkt.com/al-hazm/startseite/verein/9131/saison_id/2019
0,Damac FC,https://www.transfermarkt.com/damak-fc/startseite/verein/50532/saison_id/2019
0,Atlanta United FC,https://www.transfermarkt.com/atlanta-united-fc/startseite/verein/51663/saison_id/2019
0,Los Angeles FC,https://www.transfermarkt.com/los-angeles-football-club/startseite/verein/51828/saison_id/2019
0,Inter Miami CF,https://www.transfermarkt.com/inter-miami-cf/startseite/verein/69261/saison_id/2019
0,Los Angeles Galaxy,https://www.transfermarkt.com/los-angeles-galaxy/startseite/verein/1061/saison_id/2019
0,Toronto FC,https://www.transfermarkt.com/toronto-fc/startseite/verein/11141/saison_id/2019
0,Seattle Sounders FC,https://www.transfermarkt.com/seattle-sounders-fc/startseite/verein/9636/saison_id/2019
0,New York City FC,https://www.transfermarkt.com/new-york-city-fc/startseite/verein/40058/saison_id/2019
0,Portland Timbers,https://www.transfermarkt.com/portland-timbers/startseite/verein/4291/saison_id/2019
0,Sporting Kansas City,https://www.transfermarkt.com/sporting-kansas-city/startseite/verein/4284/saison_id/2019
0,Columbus Crew SC,https://www.transfermarkt.com/columbus-crew/startseite/verein/813/saison_id/2019
0,FC Cincinnati,https://www.transfermarkt.com/fc-cincinnati/startseite/verein/51772/saison_id/2019
0,D.C. United,https://www.transfermarkt.com/d-c-united/startseite/verein/2440/saison_id/2019
0,New York Red Bulls,https://www.transfermarkt.com/new-york-red-bulls/startseite/verein/623/saison_id/2019
0,Orlando City SC,https://www.transfermarkt.com/orlando-city-sc/startseite/verein/45604/saison_id/2019
0,Chicago Fire FC,https://www.transfermarkt.com/chicago-fire/startseite/verein/432/saison_id/2019
0,Houston Dynamo,https://www.transfermarkt.com/houston-dynamo/startseite/verein/9168/saison_id/2019
0,FC Dallas,https://www.transfermarkt.com/fc-dallas/startseite/verein/8816/saison_id/2019
0,Colorado Rapids,https://www.transfermarkt.com/colorado-rapids/startseite/verein/1247/saison_id/2019
0,Vancouver Whitecaps FC,https://www.transfermarkt.com/vancouver-whitecaps/startseite/verein/6321/saison_id/2019
0,Minnesota United FC,https://www.transfermarkt.com/minnesota-united-fc/startseite/verein/56089/saison_id/2019
0,New England Revolution,https://www.transfermarkt.com/new-england-revolution/startseite/verein/626/saison_id/2019
0,San Jose Earthquakes,https://www.transfermarkt.com/san-jose-earthquakes/startseite/verein/218/saison_id/2019
0,Philadelphia Union,https://www.transfermarkt.com/philadelphia-union/startseite/verein/25467/saison_id/2019
0,Nashville SC,https://www.transfermarkt.com/nashville-mls-team/startseite/verein/63966/saison_id/2019
0,Real Salt Lake City,https://www.transfermarkt.com/real-salt-lake-city/startseite/verein/6643/saison_id/2019
0,Montreal Impact,https://www.transfermarkt.com/montreal-impact/startseite/verein/4078/saison_id/2019
0,AEK Athens,https://www.transfermarkt.com/aek-athen/startseite/verein/2441
0,Al-Ain FC,https://www.transfermarkt.com/al-ain-fc/startseite/verein/2150
0,CSKA Moscow,https://www.transfermarkt.com/zska-moskau/startseite/verein/2410
0,Dinamo Zagreb,https://www.transfermarkt.com/gnk-dinamo-zagreb/startseite/verein/419
0,Dynamo Kyiv,https://www.transfermarkt.com/dynamo-kiew/startseite/verein/338
0,HJK Helsinki,https://www.transfermarkt.com/hjk-helsinki/startseite/verein/1008
0,Kaizer Chiefs,https://www.transfermarkt.com/kaizer-chiefs/startseite/verein/568
0,Lokomotiv Moscow,https://www.transfermarkt.com/lokomotiv-moskau/startseite/verein/932
0,Olympiacos CFP,https://www.transfermarkt.com/olympiakos-piraus/startseite/verein/683
0,Orlando Pirates,https://www.transfermarkt.com/orlando-pirates/startseite/verein/2557
0,Panathinaikos,https://www.transfermarkt.com/panathinaikos-athen/startseite/verein/265
0,PAOK,https://www.transfermarkt.com/paok-thessaloniki/startseite/verein/1091
0,Shakhtar Donetsk,https://www.transfermarkt.com/shakhtar-donetsk/startseite/verein/660
0,Sparta Praha,https://www.transfermarkt.com/ac-sparta-prag/startseite/verein/197
0,Slavia Praha,https://www.transfermarkt.com/sk-slavia-prag/startseite/verein/62
0,Spartak Moscow,https://www.transfermarkt.com/spartak-moskau/startseite/verein/232
0,Viktoria Plze?,https://www.transfermarkt.com/fc-viktoria-pilsen/startseite/verein/941
